Keyword,Cluster,Volume,Difficoltà,Implementazione,Posizione,Status
eSIM per viaggi Sicilia,Destinazioni Italia,Medio,Bassa,✅ H2 H3 Contenuto,Sezione Destinazioni,IMPLEMENTATO
eSIM Toscana attivazione,Destinazioni Italia,Medio,Bassa,✅ H2 H3 Contenuto,Sezione Destinazioni,IMPLEMENTATO
eSIM Lombardia comparazione,Destinazioni Italia,Medio,Bassa,✅ H2 H3 Contenuto,Sezione Destinazioni,IMPLEMENTATO
migliori eSIM Campania 2025,Destinazioni Italia,Alto,Media,✅ H2 H3 Contenuto,Sezione Destinazioni,IMPLEMENTATO
eSIM non funziona in Italia cosa fare,Troubleshooting,Alto,Media,✅ H2 H3 FAQ,Sezione Troubleshooting,IMPLEMENTATO
codice QR eSIM non si scansiona,Troubleshooting,Alto,Media,✅ H2 H3 FAQ,Sezione Troubleshooting,IMPLEMENTATO
attivazione eSIM fallita errori comuni,Troubleshooting,Alto,Media,✅ H2 H3 FAQ,Sezione Troubleshooting,IMPLEMENTATO
eSIM scaduta come rinnovare,Troubleshooting,Medio,Bassa,✅ H2 H3 FAQ,Sezione Troubleshooting,IMPLEMENTATO
eSIM iPhone 12 mini configurazione,Compatibilità Device,Alto,Media,✅ H2 H3 Contenuto,Sezione Compatibilità,IMPLEMENTATO
Samsung Galaxy eSIM dual SIM,Compatibilità Device,Alto,Media,✅ H2 H3 Contenuto,Sezione Compatibilità,IMPLEMENTATO
Pixel 7a eSIM installazione,Compatibilità Device,Medio,Bassa,✅ H2 H3 Contenuto,Sezione Compatibilità,IMPLEMENTATO
smartwatch eSIM condivisione numero,Compatibilità Device,Medio,Bassa,✅ H2 H3 Contenuto,Sezione Compatibilità,IMPLEMENTATO
eSIM per studenti Erasmus Italia,Target Specifici,Medio,Bassa,✅ H2 H3 Contenuto,Sezione Target Groups,IMPLEMENTATO
eSIM senior viaggi organizzati Italia,Target Specifici,Basso,Bassa,✅ H2 H3 Contenuto,Sezione Target Groups,IMPLEMENTATO
eSIM famiglia 4 persone Italia,Target Specifici,Medio,Bassa,✅ H2 H3 Contenuto,Sezione Target Groups,IMPLEMENTATO
eSIM bambini controllo parentale,Target Specifici,Basso,Bassa,✅ H2 H3 Contenuto,Sezione Target Groups,IMPLEMENTATO
eSIM 7 giorni Italia migliore,Durate Piani,Alto,Media,✅ H2 H3 Contenuto,Sezione Durate Piani,IMPLEMENTATO
eSIM weekend Italia economica,Durate Piani,Alto,Media,✅ H2 H3 Contenuto,Sezione Durate Piani,IMPLEMENTATO
eSIM 3 mesi Italia unlimited,Durate Piani,Medio,Bassa,✅ H2 H3 Contenuto,Sezione Durate Piani,IMPLEMENTATO
eSIM giornaliera Italia costo,Durate Piani,Medio,Bassa,✅ H2 H3 Contenuto,Sezione Durate Piani,IMPLEMENTATO
eSIM hotspot WiFi condivisione,Funzionalità,Alto,Media,✅ H2 H3 FAQ,Sezione FAQ,IMPLEMENTATO
eSIM chiamate VoIP WhatsApp,Funzionalità,Medio,Bassa,✅ H2 H3 FAQ,Sezione FAQ,IMPLEMENTATO
eSIM ricaricabile top-up online,Funzionalità,Medio,Bassa,✅ H2 H3 FAQ,Sezione FAQ,IMPLEMENTATO
eSIM backup SIM fisica insieme,Funzionalità,Basso,Bassa,✅ H2 H3 FAQ,Sezione FAQ,IMPLEMENTATO
eSIM dual SIM conflitto rete,Problemi Tecnici,Medio,Media,✅ H2 H3 FAQ,Sezione FAQ,IMPLEMENTATO
eSIM roaming UE problemi copertura,Problemi Tecnici,Medio,Media,✅ H2 H3 FAQ,Sezione FAQ,IMPLEMENTATO
eSIM 5G non funziona Italia,Problemi Tecnici,Alto,Media,✅ H2 H3 FAQ,Sezione FAQ,IMPLEMENTATO
eSIM velocità lenta cause soluzioni,Problemi Tecnici,Alto,Media,✅ H2 H3 FAQ,Sezione FAQ,IMPLEMENTATO
eSIM fisica vs eSIM vantaggi svantaggi,Comparazioni Educative,Alto,Media,✅ H2 H3 FAQ,Sezione FAQ,IMPLEMENTATO
eSIM roaming tradizionale risparmio,Comparazioni Educative,Alto,Media,✅ H2 H3 FAQ,Sezione FAQ,IMPLEMENTATO
eSIM WiFi pocket confronto costi,Comparazioni Educative,Medio,Bassa,✅ H2 H3 FAQ,Sezione FAQ,IMPLEMENTATO
eSIM Italia estate 2025 offerte,Stagionali/Eventi,Basso,Bassa,✅ Meta Contenuto,Meta tags,IMPLEMENTATO
eSIM Natale Italia famiglia,Stagionali/Eventi,Basso,Bassa,✅ Meta Contenuto,Meta tags,IMPLEMENTATO
eSIM Capodanno Roma Milano,Stagionali/Eventi,Basso,Bassa,✅ Meta Contenuto,Meta tags,IMPLEMENTATO
Airalo vs Holafly confronto Italia,Comparazione Provider,Alto,Media,✅ H2 H3 Contenuto,Sezione Confronto,IMPLEMENTATO
Nomad eSIM opinioni Italia,Comparazione Provider,Medio,Bassa,✅ H2 H3 Contenuto,Sezione Confronto,IMPLEMENTATO
Ubigi eSIM costi Italia,Comparazione Provider,Medio,Bassa,✅ H2 H3 Contenuto,Sezione Confronto,IMPLEMENTATO
Saily eSIM compatibilità dispositivi,Comparazione Provider,Medio,Bassa,✅ H2 H3 Contenuto,Sezione Confronto,IMPLEMENTATO
